{"cameraMode":{"drawMode":0,"name":"Shaded","section":"Shading Mode"},"sceneLighting":false,"audioPlay":false,"sceneViewState":{"m_AlwaysRefresh":false,"showFog":true,"showSkybox":false,"showFlares":true,"showImageEffects":true,"showParticleSystems":true,"showVisualEffectGraphs":true,"m_FxEnabled":true},"in2DMode":false,"pivot":{"x":4.172325134277344e-7,"y":0.8745878338813782,"z":-0.021138697862625123},"rotation":{"x":0.19204267859458924,"y":-0.13058125972747804,"z":0.02579106017947197,"w":0.9723198413848877},"size":1.3974510431289673,"orthographic":true}