{"cameraMode":{"drawMode":0,"name":"Shaded","section":"Shading Mode"},"sceneLighting":false,"audioPlay":false,"sceneViewState":{"m_AlwaysRefresh":false,"showFog":true,"showSkybox":false,"showFlares":true,"showImageEffects":true,"showParticleSystems":true,"showVisualEffectGraphs":true,"m_FxEnabled":true},"in2DMode":false,"pivot":{"x":-0.000002384185791015625,"y":0.3421701490879059,"z":-2.384185791015625e-7},"rotation":{"x":-0.024608947336673738,"y":0.8731564283370972,"z":-0.4849722981452942,"w":-0.04431193694472313},"size":0.9213131666183472,"orthographic":false}