{"cameraMode":{"drawMode":0,"name":"Shaded","section":"Shading Mode"},"sceneLighting":false,"audioPlay":false,"sceneViewState":{"m_AlwaysRefresh":false,"showFog":true,"showSkybox":false,"showFlares":true,"showImageEffects":true,"showParticleSystems":true,"showVisualEffectGraphs":true,"m_FxEnabled":true},"in2DMode":false,"pivot":{"x":-0.000010341405868530273,"y":0.3113611936569214,"z":-5.960464477539063e-7},"rotation":{"x":-0.00751904584467411,"y":0.9542229771614075,"z":-0.29831334948539736,"w":-0.02405594475567341},"size":0.5393043160438538,"orthographic":false}