{"cameraMode":{"drawMode":0,"name":"Shaded","section":"Shading Mode"},"sceneLighting":false,"audioPlay":false,"sceneViewState":{"m_AlwaysRefresh":false,"showFog":true,"showSkybox":false,"showFlares":true,"showImageEffects":true,"showParticleSystems":true,"showVisualEffectGraphs":true,"m_FxEnabled":true},"in2DMode":false,"pivot":{"x":-0.000005304813385009766,"y":1.142819881439209,"z":0.024434970691800119},"rotation":{"x":-0.022735143080353738,"y":0.9773454666137695,"z":-0.146208718419075,"w":-0.15191514790058137},"size":1.1073994636535645,"orthographic":false}